{
    "DishWasher": 1.4998901535920708,
    "WashingMachine": 1.036312160746187,
    "DomesticHotWater": 1.129378123520044,
    "HeatPumpPower": 0.9679740199956022,
    "StaticLoad": 1.205756812752079,
    "TumbleDryer": 1.3432615983756948
}