{
    "DishWasher": 1.500813360907627,
    "WashingMachine": 1.0193640352879492,
    "DomesticHotWater": 1.2080669123620593,
    "HeatPumpPower": 1.3813193644539956,
    "StaticLoad": 1.2966441330543172,
    "TumbleDryer": 1.3685535799652777
}